resistance,metric,max_level,avg_level
0.25,25.97718,1.0,-0.76130174
0.5,25.97718,1.0,-0.76130174
0.75,25.97718,1.0,-0.76130174
1.0,25.97718,1.0,-0.76130174
