resistance,metric,max_level,avg_level
0.25,10000.0,1.0,0.2999319599999998
0.35,10000.0,1.0,0.2999319599999998
0.45,10000.0,1.0,0.2999319599999998
0.55,7000.6804,1.0,0.2999319599999998
0.65,7000.6804,1.0,0.2999319599999998
0.75,7000.6804,1.0,0.2999319599999998
