resistance,metric,max_level,avg_level
0.25,10000.0,1.0,0.2001190399999999
0.35,10000.0,1.0,0.2001190399999999
0.45,10000.0,1.0,0.2001190399999999
0.55,10000.0,1.0,0.2001190399999999
0.65,8862.2562,3.042,0.5434095399999984
0.75,7998.8096,1.0,0.2001190399999999
