resistance,metric,max_level,avg_level
0.25,10000.0,1.0,0.19985023999999918
0.35,10000.0,1.0,0.19985023999999918
0.45,10000.0,1.0,0.19985023999999918
0.55,10000.0,1.0,0.19985023999999918
0.65,8936.5384,3.1676,0.5638353599999983
0.75,8001.4976,1.0,0.19985023999999918
