resistance,metric,max_level,avg_level
0.25,10000.0,1.0,0.29996785999999986
0.35,10000.0,1.0,0.29996785999999986
0.45,10000.0,1.0,0.29996785999999986
0.55,7000.3214,1.0,0.29996785999999986
0.65,7000.3214,1.0,0.29996785999999986
0.75,7000.3214,1.0,0.29996785999999986
