resistance,metric,max_level,avg_level
0.25,10000.0,1.0,0.400131199999999
0.35,10000.0,1.8886,0.4079469400000002
0.45,5998.688,1.0,0.400131199999999
0.55,5998.688,1.0,0.400131199999999
0.65,5998.688,1.0,0.400131199999999
0.75,5998.688,1.0,0.400131199999999
