resistance,metric,max_level,avg_level
0.45,1000.0,1.0,0.29950739999999965
0.55,1000.0,1.0,0.29950739999999965
0.6,1000.0,1.0,0.29950739999999965
0.65,1000.0,1.0592,0.30028059999999984
0.7,985.8742,2.179,0.4816256000000012
