resistance,metric,max_level,avg_level
0.35,1000.0,1.0,0.39971599999999763
0.4,1000.0,1.0,0.39971599999999763
0.45,1000.0,1.0,0.39971599999999763
0.55,1000.0,1.2138,0.40230419999999883
0.6,991.5498,2.1926,0.6420101999999998
