resistance,metric,max_level,avg_level
0.65,5000.0,1.0,0.20000703999999941
0.7,5000.0,1.0,0.20000703999999941
0.8,4919.562,2.144,0.32379036000000117
0.85,3999.9648,1.0,0.20000703999999941
0.9,3999.9648,1.0,0.20000703999999941
