resistance,metric,max_level,avg_level
0.35,5000.0,1.0,0.40000235999999983
0.4,5000.0,1.0,0.40000235999999983
0.45,5000.0,1.0,0.40000235999999983
0.55,5000.0,1.0,0.40000235999999983
0.6,4978.6874,2.145,0.6354142800000003
