resistance,metric,max_level,avg_level
0.35,10000.0,1.0,0.4000330600000004
0.4,10000.0,1.0,0.4000330600000004
0.45,10000.0,1.0,0.4000330600000004
0.55,10000.0,1.0,0.4000330600000004
0.6,9962.787,2.1178,0.6313053399999998
