resistance,metric,max_level,avg_level
0.65,10000.0,1.0,0.19998769999999974
0.7,10000.0,1.0,0.19998769999999974
0.8,9868.1522,2.1436,0.3236627999999999
0.85,8000.123,1.0,0.19998769999999974
0.9,8000.123,1.0,0.19998769999999974
