resistance,metric,max_level,avg_level
0.65,1000.0,1.0,0.19979700000000042
0.7,1000.0,1.0,0.19979700000000042
0.8,979.4152,2.0762,0.3156719999999998
0.85,800.561,1.0092,0.20100880000000035
0.9,800.203,1.0,0.19979700000000042
