resistance,metric,max_level,avg_level
0.35,5000.0,1.0,0.39982615999999876
0.4,5000.0,1.0,0.39982615999999876
0.45,5000.0,1.0,0.39982615999999876
0.55,5000.0,1.0,0.39982615999999876
0.6,4979.1398,2.1326,0.6264815599999988
