resistance,metric,max_level,avg_level
0.35,1000.0,1.0,0.4000643999999977
0.4,1000.0,1.0,0.4000643999999977
0.45,1000.0,1.0,0.4000643999999977
0.55,1000.0,1.2296,0.40273279999999795
0.6,991.2082,2.2206,0.6525331999999974
