resistance,metric,max_level,avg_level
0.65,5000.0,1.0,0.19997815999999977
0.7,5000.0,1.0,0.19997815999999977
0.8,4923.0194,2.131,0.32224808000000127
0.85,4000.1092,1.0,0.19997815999999977
0.9,4000.1092,1.0,0.19997815999999977
