resistance,metric,max_level,avg_level
0.45,5000.0,1.0,0.29991871999999903
0.55,5000.0,1.0,0.29991871999999903
0.6,5000.0,1.0,0.29991871999999903
0.65,5000.0,1.0,0.29991871999999903
0.7,4958.4878,2.1664,0.4811301999999989
