resistance,metric,max_level,avg_level
0.45,5000.0,1.0,0.3000508799999996
0.55,5000.0,1.0,0.3000508799999996
0.6,5000.0,1.0,0.3000508799999996
0.65,5000.0,1.0,0.3000508799999996
0.7,4956.9016,2.1878,0.48792203999999945
