resistance,metric,max_level,avg_level
0.45,1000.0,1.0,0.2996313999999999
0.55,1000.0,1.0,0.2996313999999999
0.6,1000.0,1.0,0.2996313999999999
0.65,1000.0,1.0676,0.3005429999999998
0.7,983.8158,2.1744,0.48106600000000044
