resistance,metric,max_level,avg_level
0.65,1000.0,1.0,0.19923399999999974
0.7,1000.0,1.0,0.19923399999999974
0.8,980.9622,2.0766,0.31307159999999995
0.85,801.0264,1.0078,0.20016799999999965
0.9,800.766,1.0,0.19923399999999974
