resistance,metric,max_level,avg_level
0.45,10000.0,1.0,0.2998933999999998
0.55,10000.0,1.0,0.2998933999999998
0.6,10000.0,1.0,0.2998933999999998
0.65,10000.0,1.0,0.2998933999999998
0.7,9926.0328,2.1622,0.47980216000000026
