resistance,metric,max_level,avg_level
0.25,10000.0,1.0,0.39987422000000084
0.5,10000.0,1.0,0.39987422000000084
0.75,6001.2578,1.0,0.39987422000000084
1.0,6001.2578,1.0,0.39987422000000084
