resistance,metric,max_level,avg_level
0.25,10.1762,2.3538,-0.9849180599999967
0.5,7.5124,1.0588,-0.9907695999999955
0.75,7.5124,1.0588,-0.9907695999999955
1.0,7.4502,0.9986,-0.9908909799999952
