resistance,metric,max_level,avg_level
0.25,5000.0,1.0,0.2999871599999997
0.5,5000.0,1.0,0.2999871599999997
0.75,3500.0642,1.0,0.2999871599999997
1.0,3500.0642,1.0,0.2999871599999997
