resistance,metric,max_level,avg_level
0.25,456.1426,1.0,0.9543857399999988
0.5,456.1426,1.0,0.9543857399999988
0.75,456.1426,1.0,0.9543857399999988
1.0,456.1426,1.0,0.9543857399999988
