resistance,metric,max_level,avg_level
0.25,12.00884,3.55544,-0.9854546440000297
0.5,4.87162,0.96712,-0.9942184240000167
0.75,4.87006,0.96564,-0.9942193120000162
1.0,4.49928,0.96564,-0.9942193120000162
