resistance,metric,max_level,avg_level
0.25,275.8008,1.0,0.9714127999999944
0.5,275.8008,1.0,0.9714127999999944
0.75,275.8008,1.0,0.9714127999999944
1.0,275.8008,1.0,0.9714127999999944
