resistance,metric,max_level,avg_level
0.25,50.8722,1.0024,0.7913946000000014
0.5,50.8698,1.0,0.7913158000000013
0.75,50.8698,1.0,0.7913158000000013
1.0,50.8698,1.0,0.7913158000000013
