resistance,metric,max_level,avg_level
0.25,1.98516,0.33948,-0.9994116999998395
0.5,1.72346,0.25704,-0.9995245479998335
0.75,1.72346,0.25704,-0.9995245479998335
1.0,1.50498,0.17792,-0.9995996199998244
