resistance,metric,max_level,avg_level
0.25,1.9528,0.3262,-0.9997108399999283
0.5,1.6974,0.25,-0.999768699999928
0.75,1.6974,0.25,-0.999768699999928
1.0,1.4884,0.175,-0.9998026399999291
