resistance,metric,max_level,avg_level
0.25,41.9606,1.004,0.6013761999999994
0.5,41.9566,1.0,0.6011957999999993
0.75,41.9566,1.0,0.6011957999999993
1.0,41.9566,1.0,0.6011957999999993
