resistance,metric,max_level,avg_level
0.25,206.0458,1.0,0.958358520000004
0.5,206.0458,1.0,0.958358520000004
0.75,206.0458,1.0,0.958358520000004
1.0,206.0458,1.0,0.958358520000004
