resistance,metric,max_level,avg_level
0.25,5000.0,1.0,0.2999665600000009
0.5,5000.0,1.0,0.2999665600000009
0.75,3500.1672,1.0,0.2999665600000009
1.0,3500.1672,1.0,0.2999665600000009
