resistance,metric,max_level,avg_level
0.25,366.2974,1.0,0.9633668600000014
0.5,366.2974,1.0,0.9633668600000014
0.75,366.2974,1.0,0.9633668600000014
1.0,366.2974,1.0,0.9633668600000014
