resistance,metric,max_level,avg_level
0.25,683.67796,13.12908,7.536043339999481
0.5,4.52888,1.354,-0.9732481600000545
0.75,4.51714,1.34704,-0.9733727200000549
1.0,3.97258,0.94132,-0.9785209400000688
