resistance,metric,max_level,avg_level
0.25,228.4528,1.0,0.9542456800000025
0.5,228.4528,1.0,0.9542456800000025
0.75,228.4528,1.0,0.9542456800000025
1.0,228.4528,1.0,0.9542456800000025
