resistance,metric,max_level,avg_level
0.25,1.11074,0.0103,-0.9988771400009202
0.5,1.1097,0.01022,-0.99887738000092
0.75,1.1097,0.01022,-0.99887738000092
1.0,1.09978,0.00926,-0.9988805400009187
