resistance,metric,max_level,avg_level
0.25,10000.0,1.0,0.3000275400000003
0.5,10000.0,1.0,0.3000275400000003
0.75,6999.7246,1.0,0.3000275400000003
1.0,6999.7246,1.0,0.3000275400000003
