resistance,metric,max_level,avg_level
0.25,250.6942,1.0,0.9498525200000105
0.5,250.6942,1.0,0.9498525200000105
0.75,250.6942,1.0,0.9498525200000105
1.0,250.6942,1.0,0.9498525200000105
