resistance,metric,max_level,avg_level
0.25,11.08248,1.71254,-0.8067258000000049
0.5,10.01254,1.01418,-0.8355514600000101
0.75,10.00828,1.01004,-0.8356578800000095
1.0,9.99808,0.9999,-0.8359094400000089
