resistance,metric,max_level,avg_level
0.25,9.5957,2.07666,-0.9814134280000308
0.5,7.10522,0.99968,-0.9842110320000429
0.75,7.10352,0.99798,-0.9842120520000436
1.0,7.0159,0.99798,-0.9842120520000436
