resistance,metric,max_level,avg_level
0.25,10000.0,1.0,0.19997534000000003
0.5,10000.0,1.0,0.19997534000000003
0.75,10000.0,1.0,0.19997534000000003
1.0,8000.2466,1.0,0.19997534000000003
