resistance,metric,max_level,avg_level
0.25,411.038,1.0,0.9588961199999992
0.5,411.038,1.0,0.9588961199999992
0.75,411.038,1.0,0.9588961199999992
1.0,411.038,1.0,0.9588961199999992
