resistance,metric,max_level,avg_level
0.25,195.06478,7.28554,2.3034656999999736
0.5,6.1347,1.17126,-0.9432367600000064
0.75,6.12228,1.16116,-0.9434203400000067
1.0,5.93586,0.99316,-0.9461289800000094
