resistance,metric,max_level,avg_level
0.25,1000.0,1.0,0.3996455600000107
0.5,1000.0,1.00008,0.39964566000001067
0.75,600.35444,1.0,0.3996455600000107
1.0,600.35444,1.0,0.3996455600000107
