resistance,metric,max_level,avg_level
0.25,138.416,1.0,0.9279539200000009
0.5,138.416,1.0,0.9279539200000009
0.75,138.416,1.0,0.9279539200000009
1.0,138.416,1.0,0.9279539200000009
