resistance,metric,max_level,avg_level
0.25,161.1114,1.0,0.9562156399999969
0.5,161.1114,1.0,0.9562156399999969
0.75,161.1114,1.0,0.9562156399999969
1.0,161.1114,1.0,0.9562156399999969
