resistance,metric,max_level,avg_level
0.25,70.9674,1.0,0.24562404000000024
0.5,70.9674,1.0,0.24562404000000024
0.75,70.9674,1.0,0.24562404000000024
1.0,70.9674,1.0,0.24562404000000024
