resistance,metric,max_level,avg_level
0.25,1000.0,1.0,0.19970979999999483
0.5,1000.0,1.0,0.19970979999999483
0.75,1000.0,1.00638,0.19976505999999494
1.0,800.2902,1.0,0.19970979999999483
