resistance,metric,max_level,avg_level
0.25,141.0316,1.0,0.7082938800000006
0.5,141.0316,1.0,0.7082938800000006
0.75,141.0316,1.0,0.7082938800000006
1.0,141.0316,1.0,0.7082938800000006
