resistance,metric,max_level,avg_level
0.25,251.0162,1.0,0.9497888400000093
0.5,251.0162,1.0,0.9497888400000093
0.75,251.0162,1.0,0.9497888400000093
1.0,251.0162,1.0,0.9497888400000093
