resistance,metric,max_level,avg_level
0.25,10000.0,1.0,0.29998800000000103
0.5,10000.0,1.0,0.29998800000000103
0.75,7000.12,1.0,0.29998800000000103
1.0,7000.12,1.0,0.29998800000000103
