resistance,metric,max_level,avg_level
0.25,100.99576,1.0092,0.8997865799999608
0.5,100.98624,1.0,0.8989378799999596
0.75,100.98624,1.0,0.8989378799999596
1.0,100.98624,1.0,0.8989378799999596
