resistance,metric,max_level,avg_level
0.25,28.5226,1.0158,0.059374400000000035
0.5,28.5068,1.0,0.05861200000000003
0.75,28.5068,1.0,0.05861200000000003
1.0,28.5068,1.0,0.05861200000000003
