resistance,metric,max_level,avg_level
0.25,183.5166,1.0,0.96083316
0.5,183.5166,1.0,0.96083316
0.75,183.5166,1.0,0.96083316
1.0,183.5166,1.0,0.96083316
