resistance,metric,max_level,avg_level
0.25,185.969,1.0,0.9172936600000017
0.5,185.969,1.0,0.9172936600000017
0.75,185.969,1.0,0.9172936600000017
1.0,185.969,1.0,0.9172936600000017
