resistance,metric,max_level,avg_level
0.25,1.10944,0.00956,-0.9988793600009238
0.5,1.1078,0.00876,-0.9988820400009233
0.75,1.1078,0.00876,-0.9988820400009233
1.0,1.09916,0.00876,-0.9988820400009233
