resistance,metric,max_level,avg_level
0.25,37.347,1.0032,0.4509139999999999
0.5,37.3438,1.0,0.4508258
0.75,37.3438,1.0,0.4508258
1.0,37.3438,1.0,0.4508258
