resistance,metric,max_level,avg_level
0.25,50.8666,1.0,-0.5561652600000031
0.5,50.8666,1.0,-0.5561652600000031
0.75,50.8666,1.0,-0.5561652600000031
1.0,50.8666,1.0,-0.5561652600000031
