resistance,metric,max_level,avg_level
0.25,51.1856,1.0,-0.5531053600000009
0.5,51.1856,1.0,-0.5531053600000009
0.75,51.1856,1.0,-0.5531053600000009
1.0,51.1856,1.0,-0.5531053600000009
