resistance,metric,max_level,avg_level
0.25,115.881,1.0,0.8376845999999981
0.5,115.881,1.0,0.8376845999999981
0.75,115.881,1.0,0.8376845999999981
1.0,115.881,1.0,0.8376845999999981
