resistance,metric,max_level,avg_level
0.25,24.0994,1.0248,-0.1704338000000004
0.5,24.0746,1.0,-0.17100420000000055
0.75,24.0746,1.0,-0.17100420000000055
1.0,24.0746,1.0,-0.17100420000000055
