resistance,metric,max_level,avg_level
0.25,320.876,1.0,0.9678439200000039
0.5,320.876,1.0,0.9678439200000039
0.75,320.876,1.0,0.9678439200000039
1.0,320.876,1.0,0.9678439200000039
