resistance,metric,max_level,avg_level
0.25,231.058,1.0,0.9670564000000004
0.5,231.058,1.0,0.9670564000000004
0.75,231.058,1.0,0.9670564000000004
1.0,231.058,1.0,0.9670564000000004
