resistance,metric,max_level,avg_level
0.25,11.65276,1.4668,-0.7942922800000017
0.5,10.99876,1.00256,-0.8009061399999996
0.75,10.99612,0.99994,-0.8009149600000002
1.0,10.99184,0.99994,-0.8009149600000002
