resistance,metric,max_level,avg_level
0.25,51.17,1.0,-0.20883192
0.5,51.17,1.0,-0.20883192
0.75,51.17,1.0,-0.20883192
1.0,51.17,1.0,-0.20883192
