resistance,metric,max_level,avg_level
0.25,32.9898,1.0084,0.27174199999999926
0.5,32.9814,1.0,0.27133219999999936
0.75,32.9814,1.0,0.27133219999999936
1.0,32.9814,1.0,0.27133219999999936
