resistance,metric,max_level,avg_level
0.25,10.4351,2.64456,-0.9192840400000015
0.5,6.13466,1.00286,-0.9459279800000181
0.75,6.1242,0.9926,-0.9459589600000177
1.0,5.94952,0.9926,-0.9459589600000177
