resistance,metric,max_level,avg_level
0.25,46.4584,1.0028,0.7122375999999996
0.5,46.4556,1.0,0.7121439999999996
0.75,46.4556,1.0,0.7121439999999996
1.0,46.4556,1.0,0.7121439999999996
