resistance,metric,max_level,avg_level
0.25,10.93574,1.59226,-0.8271098800000088
0.5,10.02794,1.00318,-0.8352910400000113
0.75,10.02462,0.99986,-0.8353015600000124
1.0,10.01476,0.99986,-0.8353015600000124
