resistance,metric,max_level,avg_level
0.25,1.95136,0.32686,-0.9971521800005707
0.5,1.6995,0.2482,-0.9976760200005582
0.75,1.69942,0.24814,-0.9976763800005582
1.0,1.4947,0.17406,-0.998024060000537
