resistance,metric,max_level,avg_level
0.25,50.975,1.0024,0.7929768000000006
0.5,50.9726,1.0,0.7928602000000005
0.75,50.9726,1.0,0.7928602000000005
1.0,50.9726,1.0,0.7928602000000005
