resistance,metric,max_level,avg_level
0.25,501.2706,1.0,0.8997458799999993
0.5,501.2706,1.0,0.8997458799999993
0.75,501.2706,1.0,0.8997458799999993
1.0,501.2706,1.0,0.8997458799999993
