resistance,metric,max_level,avg_level
0.25,33.049,1.0082,0.2728489999999994
0.5,33.0404,1.0,0.2726067999999993
0.75,33.0404,1.0,0.2726067999999993
1.0,33.0404,1.0,0.2726067999999993
