resistance,metric,max_level,avg_level
0.25,138.4138,1.0,0.9279838800000001
0.5,138.4138,1.0,0.9279838800000001
0.75,138.4138,1.0,0.9279838800000001
1.0,138.4138,1.0,0.9279838800000001
