resistance,metric,max_level,avg_level
0.25,100.7626,1.0,0.2597360599999993
0.5,100.7626,1.0,0.2597360599999993
0.75,100.7626,1.0,0.2597360599999993
1.0,100.7626,1.0,0.2597360599999993
