resistance,metric,max_level,avg_level
0.25,93.2916,1.0,0.625773759999999
0.5,93.2916,1.0,0.625773759999999
0.75,93.2916,1.0,0.625773759999999
1.0,93.2916,1.0,0.625773759999999
