resistance,metric,max_level,avg_level
0.25,228.4376,1.0,0.9542512799999997
0.5,228.4376,1.0,0.9542512799999997
0.75,228.4376,1.0,0.9542512799999997
1.0,228.4376,1.0,0.9542512799999997
