resistance,metric,max_level,avg_level
0.25,1000.4984,1.0,0.8999501600000003
0.5,1000.4984,1.0,0.8999501600000003
0.75,1000.4984,1.0,0.8999501600000003
1.0,1000.4984,1.0,0.8999501600000003
