resistance,metric,max_level,avg_level
0.25,93.5416,1.0,0.6267299200000025
0.5,93.5416,1.0,0.6267299200000025
0.75,93.5416,1.0,0.6267299200000025
1.0,93.5416,1.0,0.6267299200000025
