resistance,metric,max_level,avg_level
0.25,500.8906,1.0,0.9499109400000078
0.5,500.8906,1.0,0.9499109400000078
0.75,500.8906,1.0,0.9499109400000078
1.0,500.8906,1.0,0.9499109400000078
