resistance,metric,max_level,avg_level
0.25,50.8994,1.0,-0.21181356000000018
0.5,50.8994,1.0,-0.21181356000000018
0.75,50.8994,1.0,-0.21181356000000018
1.0,50.8994,1.0,-0.21181356000000018
