resistance,metric,max_level,avg_level
0.25,2836.86174,17.198,11.036562152000227
0.5,4.91508,1.29448,-0.9933002560000165
0.75,4.91306,1.29338,-0.9933050520000156
1.0,4.49772,0.96574,-0.9942047680000267
