resistance,metric,max_level,avg_level
0.25,140.7282,1.0,0.7070211400000006
0.5,140.7282,1.0,0.7070211400000006
0.75,140.7282,1.0,0.7070211400000006
1.0,140.7282,1.0,0.7070211400000006
