resistance,metric,max_level,avg_level
0.25,230.9948,1.0,0.9670432800000001
0.5,230.9948,1.0,0.9670432800000001
0.75,230.9948,1.0,0.9670432800000001
1.0,230.9948,1.0,0.9670432800000001
