resistance,metric,max_level,avg_level
0.25,23.901,1.0296,-0.17812900000000004
0.5,23.8702,1.0,-0.17955140000000014
0.75,23.8702,1.0,-0.17955140000000014
1.0,23.8702,1.0,-0.17955140000000014
