resistance,metric,max_level,avg_level
0.25,1001.2022,1.0,0.8998797800000011
0.5,1001.2022,1.0,0.8998797800000011
0.75,1001.2022,1.0,0.8998797800000011
1.0,1001.2022,1.0,0.8998797800000011
