resistance,metric,max_level,avg_level
0.25,15.2466,1.173,-0.6297523999999982
0.5,15.0532,1.0006,-0.6325851999999983
0.75,15.0526,1.0,-0.6325881999999983
1.0,15.0526,1.0,-0.6325881999999983
