resistance,metric,max_level,avg_level
0.25,10000.0,1.0,0.3999315199999996
0.5,10000.0,1.0,0.3999315199999996
0.75,6000.6848,1.0,0.3999315199999996
1.0,6000.6848,1.0,0.3999315199999996
