resistance,metric,max_level,avg_level
0.25,1000.0,1.0,0.29967396000001734
0.5,1000.0,1.0,0.29967396000001734
0.75,709.32858,1.15918,0.3345206400000159
1.0,700.32604,1.0,0.29967396000001734
