resistance,metric,max_level,avg_level
0.25,275.8562,1.0,0.9713949399999994
0.5,275.8562,1.0,0.9713949399999994
0.75,275.8562,1.0,0.9713949399999994
1.0,275.8562,1.0,0.9713949399999994
