resistance,metric,max_level,avg_level
0.25,1.96294,0.33468,-0.999437295999841
0.5,1.66156,0.1807,-0.9995970279998273
0.75,1.66154,0.18068,-0.9995970399998273
1.0,1.50572,0.18068,-0.9995970399998273
