resistance,metric,max_level,avg_level
0.25,10.82658,2.76232,-0.9674999320000232
0.5,7.1162,1.08156,-0.9838526920000398
0.75,7.1141,1.07984,-0.9838605560000395
1.0,7.02736,0.9975,-0.9841717200000344
