resistance,metric,max_level,avg_level
0.25,500.9798,1.0,0.8998040399999989
0.5,500.9798,1.0,0.8998040399999989
0.75,500.9798,1.0,0.8998040399999989
1.0,500.9798,1.0,0.8998040399999989
