resistance,metric,max_level,avg_level
0.25,1000.0,1.0,0.2997214800000167
0.5,1000.0,1.0,0.2997214800000167
0.75,708.5005,1.14416,0.330138240000016
1.0,700.27852,1.0,0.2997214800000167
