resistance,metric,max_level,avg_level
0.25,410.9412,1.0,0.9589057999999976
0.5,410.9412,1.0,0.9589057999999976
0.75,410.9412,1.0,0.9589057999999976
1.0,410.9412,1.0,0.9589057999999976
