resistance,metric,max_level,avg_level
0.25,5000.0,1.0,0.4001302399999994
0.5,5000.0,1.0,0.4001302399999994
0.75,2999.3488,1.0,0.4001302399999994
1.0,2999.3488,1.0,0.4001302399999994
