resistance,metric,max_level,avg_level
0.25,71.0084,1.0,0.24561863999999928
0.5,71.0084,1.0,0.24561863999999928
0.75,71.0084,1.0,0.24561863999999928
1.0,71.0084,1.0,0.24561863999999928
