resistance,metric,max_level,avg_level
0.25,11.5938,3.3558,-0.9928508799999941
0.5,5.062,0.9768,-0.9967418599999968
0.75,5.0606,0.9754,-0.9967422799999965
1.0,4.7328,0.9754,-0.9967422799999965
