resistance,metric,max_level,avg_level
0.25,115.8346,1.0,0.837606840000002
0.5,115.8346,1.0,0.837606840000002
0.75,115.8346,1.0,0.837606840000002
1.0,115.8346,1.0,0.837606840000002
