resistance,metric,max_level,avg_level
0.25,25.99454,1.00034,-0.7612850080000062
0.5,25.9942,1.0,-0.7612865040000062
0.75,25.9942,1.0,-0.7612865040000062
1.0,25.9942,1.0,-0.7612865040000062
