resistance,metric,max_level,avg_level
0.25,1.9556,0.3324,-0.9997179399999304
0.5,1.6574,0.178,-0.9997994599999313
0.75,1.6574,0.178,-0.9997994599999313
1.0,1.5022,0.178,-0.9997994599999313
