resistance,metric,max_level,avg_level
0.25,1.106,0.0058,-0.9998887799998963
0.5,1.105,0.0058,-0.9998887799998963
0.75,1.105,0.0058,-0.9998887799998963
1.0,1.1,0.0056,-0.9998888399998963
