resistance,metric,max_level,avg_level
0.25,5000.0,1.0,0.19990047999999971
0.5,5000.0,1.0,0.19990047999999971
0.75,5000.0,1.0,0.19990047999999971
1.0,4000.4976,1.0,0.19990047999999971
