resistance,metric,max_level,avg_level
0.25,4248.5598,18.4032,11.357996499999969
0.5,5.1086,1.2638,-0.9963251399999977
0.75,5.1072,1.2632,-0.9963261999999977
1.0,4.754,0.9748,-0.9967336399999962
