resistance,metric,max_level,avg_level
0.25,205.6572,1.0,0.9584344000000014
0.5,205.6572,1.0,0.9584344000000014
0.75,205.6572,1.0,0.9584344000000014
1.0,205.6572,1.0,0.9584344000000014
