resistance,metric,max_level,avg_level
0.25,5000.0,1.0,0.4000169599999992
0.5,5000.0,1.0,0.4000169599999992
0.75,2999.9152,1.0,0.4000169599999992
1.0,2999.9152,1.0,0.4000169599999992
