resistance,metric,max_level,avg_level
0.25,161.1832,1.0,0.956199920000001
0.5,161.1832,1.0,0.956199920000001
0.75,161.1832,1.0,0.956199920000001
1.0,161.1832,1.0,0.956199920000001
