resistance,metric,max_level,avg_level
0.25,183.2552,1.0,0.9608364000000005
0.5,183.2552,1.0,0.9608364000000005
0.75,183.2552,1.0,0.9608364000000005
1.0,183.2552,1.0,0.9608364000000005
