resistance,metric,max_level,avg_level
0.25,1.11196,0.01084,-0.999775091999682
0.5,1.11074,0.0108,-0.9997751159996818
0.75,1.11074,0.0108,-0.9997751159996818
1.0,1.10056,0.00978,-0.9997757519996818
