resistance,metric,max_level,avg_level
0.25,28.5752,1.012,0.06213379999999993
0.5,28.5632,1.0,0.06182279999999996
0.75,28.5632,1.0,0.06182279999999996
1.0,28.5632,1.0,0.06182279999999996
