resistance,metric,max_level,avg_level
0.25,186.325,1.0,0.9177492599999975
0.5,186.325,1.0,0.9177492599999975
0.75,186.325,1.0,0.9177492599999975
1.0,186.325,1.0,0.9177492599999975
