resistance,metric,max_level,avg_level
0.25,455.548,1.0,0.9544451999999995
0.5,455.548,1.0,0.9544451999999995
0.75,455.548,1.0,0.9544451999999995
1.0,455.548,1.0,0.9544451999999995
