resistance,metric,max_level,avg_level
0.25,9.4732,1.9368,-0.9898175999999937
0.5,7.5158,0.9978,-0.9909082399999912
0.75,7.5156,0.9976,-0.9909082999999913
1.0,7.4594,0.9976,-0.9909082999999913
