resistance,metric,max_level,avg_level
0.25,25.99882,1.00042,-0.7611426799999883
0.5,25.9984,1.0,-0.7611485999999877
0.75,25.9984,1.0,-0.7611485999999877
1.0,25.9984,1.0,-0.7611485999999877
