resistance,metric,max_level,avg_level
0.25,46.5582,1.0022,0.7135193999999999
0.5,46.556,1.0,0.7134063999999999
0.75,46.556,1.0,0.7134063999999999
1.0,46.556,1.0,0.7134063999999999
