resistance,metric,max_level,avg_level
0.25,37.5224,1.0048,0.4554022000000001
0.5,37.5176,1.0,0.4551712000000001
0.75,37.5176,1.0,0.4551712000000001
1.0,37.5176,1.0,0.4551712000000001
