resistance,metric,max_level,avg_level
0.25,101.0096,1.0,0.26171016000000047
0.5,101.0096,1.0,0.26171016000000047
0.75,101.0096,1.0,0.26171016000000047
1.0,101.0096,1.0,0.26171016000000047
