resistance,metric,max_level,avg_level
0.25,365.5774,1.0,0.9634392999999983
0.5,365.5774,1.0,0.9634392999999983
0.75,365.5774,1.0,0.9634392999999983
1.0,365.5774,1.0,0.9634392999999983
