resistance,metric,max_level,avg_level
0.25,19.5132,1.0668,-0.41169380000000066
0.5,19.443,1.0,-0.4147110000000006
0.75,19.443,1.0,-0.4147110000000006
1.0,19.443,1.0,-0.4147110000000006
