resistance,metric,max_level,avg_level
0.25,5000.0,1.0,0.19997899999999982
0.5,5000.0,1.0,0.19997899999999982
0.75,5000.0,1.0,0.19997899999999982
1.0,4000.105,1.0,0.19997899999999982
