resistance,metric,max_level,avg_level
0.25,321.2988,1.0,0.9678019600000007
0.5,321.2988,1.0,0.9678019600000007
0.75,321.2988,1.0,0.9678019600000007
1.0,321.2988,1.0,0.9678019600000007
