resistance,metric,max_level,avg_level
0.25,10000.0,1.0,0.19995122000000023
0.5,10000.0,1.0,0.19995122000000023
0.75,10000.0,1.0,0.19995122000000023
1.0,8000.4878,1.0,0.19995122000000023
