resistance,metric,max_level,avg_level
0.25,1.1192,0.0118,-0.9998866799998984
0.5,1.1168,0.0106,-0.9998871199998987
0.75,1.1168,0.0106,-0.9998871199998987
1.0,1.1068,0.0106,-0.9998871199998987
