resistance,metric,max_level,avg_level
0.25,1.1089,0.01054,-0.9997756559996781
0.5,1.10634,0.00918,-0.999776595999678
0.75,1.10634,0.00918,-0.999776595999678
1.0,1.0979,0.00918,-0.999776595999678
