resistance,metric,max_level,avg_level
0.25,1000.0,1.0,0.3996479200000092
0.5,1000.0,1.0001,0.3996480600000092
0.75,600.35208,1.0,0.3996479200000092
1.0,600.35208,1.0,0.3996479200000092
