resistance,metric,max_level,avg_level
0.25,19.5446,1.0664,-0.4111072
0.5,19.4762,1.0,-0.41238540000000046
0.75,19.4762,1.0,-0.41238540000000046
1.0,19.4762,1.0,-0.41238540000000046
