resistance,metric,max_level,avg_level
0.25,15.39046,4.67232,-0.88087948000003
0.5,4.43046,0.946,-0.9785336400000608
0.75,4.42462,0.94056,-0.9785500000000593
1.0,3.97408,0.94056,-0.9785500000000593
