resistance,metric,max_level,avg_level
0.25,15.1772,1.1712,-0.6273157999999999
0.5,14.9822,1.0012,-0.6343892000000003
0.75,14.9816,1.0006,-0.6344064000000004
1.0,14.981,1.0,-0.6344302000000004
