resistance,metric,max_level,avg_level
0.25,11.75818,1.53458,-0.7789466599999928
0.5,11.01666,1.00606,-0.8001295799999997
0.75,11.0135,1.00294,-0.8002140999999997
1.0,11.01044,0.99988,-0.8002979199999998
