resistance,metric,max_level,avg_level
0.25,41.8596,1.003,0.5988679999999985
0.5,41.8566,1.0,0.5987833999999984
0.75,41.8566,1.0,0.5987833999999984
1.0,41.8566,1.0,0.5987833999999984
