resistance,metric,max_level,avg_level
0.25,501.2406,1.0,0.9498759400000095
0.5,501.2406,1.0,0.9498759400000095
0.75,501.2406,1.0,0.9498759400000095
1.0,501.2406,1.0,0.9498759400000095
